Time,DateTimeValue,Temp,TempSP,Comp1,Comp2,RevValve,Fan,Occupancy,Scheduled
14/06/2016 7:56:00 AM,-,-,-,-,-,-,-,-,-
14/06/2016 7:41:00 AM,-,-,-,-,-,-,-,-,-
14/06/2016 7:26:00 AM,-,-,-,-,-,-,-,-,-
14/06/2016 7:11:00 AM,42535.29931,20.3,23,Off,Off,Off,Off,0,FALSE
14/06/2016 6:56:00 AM,42535.28889,20.3,23,Off,Off,Off,Off,0,FALSE
14/06/2016 6:41:00 AM,42535.27847,20.3,23,Off,Off,Off,Off,0,FALSE
14/06/2016 6:26:00 AM,42535.26806,20.3,23,Off,Off,Off,Off,0,FALSE
14/06/2016 6:11:00 AM,42535.25764,20.3,23,Off,Off,Off,Off,0,FALSE
14/06/2016 5:56:00 AM,42535.24722,20.3,23,Off,Off,Off,Off,0,FALSE
14/06/2016 5:41:00 AM,42535.23681,20.3,23,Off,Off,Off,Off,0,FALSE
14/06/2016 5:26:00 AM,42535.22639,20.4,23,Off,Off,Off,Off,0,FALSE
14/06/2016 5:11:00 AM,42535.21597,20.4,23,Off,Off,Off,Off,0,FALSE
14/06/2016 4:56:00 AM,42535.20556,20.4,23,Off,Off,Off,Off,0,FALSE
14/06/2016 4:41:00 AM,42535.19514,20.4,23,Off,Off,Off,Off,0,FALSE
14/06/2016 4:26:00 AM,42535.18472,20.5,23,Off,Off,Off,Off,0,FALSE
14/06/2016 4:11:00 AM,42535.17431,20.5,23,Off,Off,Off,Off,0,FALSE
14/06/2016 3:56:00 AM,42535.16389,20.5,23,Off,Off,Off,Off,0,FALSE
14/06/2016 3:41:00 AM,42535.15347,20.6,23,Off,Off,Off,Off,0,FALSE
14/06/2016 3:26:00 AM,42535.14306,20.6,23,Off,Off,Off,Off,0,FALSE
14/06/2016 3:11:00 AM,42535.13264,20.6,23,Off,Off,Off,Off,0,FALSE
14/06/2016 2:56:00 AM,42535.12222,20.7,23,Off,Off,Off,Off,0,FALSE
14/06/2016 2:41:00 AM,42535.11181,20.7,23,Off,Off,Off,Off,0,FALSE
14/06/2016 2:26:00 AM,42535.10139,20.7,23,Off,Off,Off,Off,0,FALSE
14/06/2016 2:11:00 AM,42535.09097,20.8,23,Off,Off,Off,Off,0,FALSE
14/06/2016 1:56:00 AM,42535.08056,20.8,23,Off,Off,Off,Off,0,FALSE
14/06/2016 1:41:00 AM,42535.07014,20.9,23,Off,Off,Off,Off,0,FALSE
14/06/2016 1:26:00 AM,42535.05972,20.9,23,Off,Off,Off,Off,0,FALSE
14/06/2016 1:11:00 AM,42535.04931,21,23,Off,Off,Off,Off,0,FALSE
14/06/2016 12:56:00 AM,42535.03889,21,23,Off,Off,Off,Off,0,FALSE
14/06/2016 12:41:00 AM,42535.02847,21.1,23,Off,Off,Off,Off,0,FALSE
14/06/2016 12:26:00 AM,42535.01806,21.2,23,Off,Off,Off,Off,0,FALSE
14/06/2016 12:11:00 AM,42535.00764,21.2,23,Off,Off,Off,Off,0,FALSE
13/06/2016 11:56:00 PM,42534.99722,21.3,23,Off,Off,Off,Off,0,FALSE
13/06/2016 11:41:00 PM,42534.98681,21.4,23,Off,Off,Off,Off,0,FALSE
13/06/2016 11:26:00 PM,42534.97639,21.5,23,Off,Off,Off,Off,0,FALSE
13/06/2016 11:11:00 PM,42534.96597,21.6,23,Off,Off,Off,Off,0,FALSE
13/06/2016 10:56:00 PM,42534.95556,21.6,23,Off,Off,Off,Off,0,FALSE
13/06/2016 10:41:00 PM,42534.94514,21.7,23,Off,Off,Off,Off,0,FALSE
13/06/2016 10:26:00 PM,42534.93472,21.8,23,Off,Off,Off,Off,0,FALSE
13/06/2016 10:11:00 PM,42534.92431,22,23,Off,Off,Off,Off,0,FALSE
13/06/2016 9:56:00 PM,42534.91389,22.1,23,Off,Off,Off,Off,0,FALSE
13/06/2016 9:41:00 PM,42534.90347,22.3,23,Off,Off,Off,Off,0,FALSE
13/06/2016 9:26:00 PM,42534.89306,22.4,23,Off,Off,Off,Off,0,FALSE
13/06/2016 9:11:00 PM,42534.88264,22.6,23,Off,Off,Off,Off,0,FALSE
13/06/2016 8:56:00 PM,42534.87222,22.7,23,Off,Off,Off,Off,0,FALSE
13/06/2016 8:41:00 PM,42534.86181,22.9,23,Off,Off,Off,On ,0,FALSE
13/06/2016 8:26:00 PM,42534.85139,23,23,Off,Off,Off,On ,25,TRUE
13/06/2016 8:11:00 PM,42534.84097,23.3,23,Off,Off,Off,On ,25,TRUE
13/06/2016 7:56:00 PM,42534.83056,23.6,23,Off,Off,Off,On ,25,TRUE
13/06/2016 7:41:00 PM,42534.82014,23.7,23,Off,Off,Off,On ,25,TRUE
13/06/2016 7:26:00 PM,42534.80972,23.7,23,Off,Off,Off,On ,25,TRUE
13/06/2016 7:11:00 PM,42534.79931,23.7,23,Off,Off,Off,On ,25,TRUE
13/06/2016 6:56:00 PM,42534.78889,23.7,23,Off,Off,Off,On ,25,TRUE
13/06/2016 6:41:00 PM,42534.77847,23.7,23,Off,Off,Off,On ,25,TRUE
13/06/2016 6:26:00 PM,42534.76806,23.7,23,Off,Off,Off,On ,25,TRUE
13/06/2016 6:11:00 PM,42534.75764,23.7,23,Off,Off,Off,On ,25,TRUE
13/06/2016 5:56:00 PM,42534.74722,23.7,23,Off,Off,Off,On ,25,TRUE
13/06/2016 5:41:00 PM,42534.73681,23.7,23,Off,Off,Off,On ,25,TRUE
13/06/2016 5:26:00 PM,42534.72639,23.7,23,Off,Off,Off,On ,0,FALSE
13/06/2016 5:11:00 PM,42534.71597,23.7,23,Off,Off,Off,On ,0,FALSE
13/06/2016 4:56:00 PM,42534.70556,23.7,23,Off,Off,Off,On ,0,FALSE
13/06/2016 4:41:00 PM,42534.69514,23.7,23,Off,Off,Off,On ,0,FALSE
13/06/2016 4:26:00 PM,42534.68472,23.8,23,Off,Off,Off,On ,0,FALSE
13/06/2016 4:11:00 PM,42534.67431,23.8,23,Off,Off,Off,On ,0,FALSE
13/06/2016 3:56:00 PM,42534.66389,23.8,23,Off,Off,Off,On ,30,TRUE
13/06/2016 3:41:00 PM,42534.65347,23.8,23,Off,Off,Off,On ,30,TRUE
13/06/2016 3:26:00 PM,42534.64306,23.9,23,Off,Off,Off,On ,30,TRUE
13/06/2016 3:11:00 PM,42534.63264,23.9,23,Off,Off,Off,On ,30,TRUE
13/06/2016 2:56:00 PM,42534.62222,23.6,23,Off,Off,Off,On ,30,TRUE
13/06/2016 2:41:00 PM,42534.61181,23.2,23,On ,Off,Off,On ,30,TRUE
13/06/2016 2:26:00 PM,42534.60139,23.4,23,On ,Off,Off,On ,30,TRUE
13/06/2016 2:11:00 PM,42534.59097,23.2,23,On ,Off,Off,On ,30,TRUE
13/06/2016 1:56:00 PM,42534.58056,23.6,23,On ,Off,Off,On ,30,TRUE
13/06/2016 1:41:00 PM,42534.57014,23.3,23,On ,Off,Off,On ,30,TRUE
13/06/2016 1:26:00 PM,42534.55972,23.4,23,On ,Off,Off,On ,30,TRUE
13/06/2016 1:11:00 PM,42534.54931,23.5,23,On ,Off,Off,On ,30,TRUE
13/06/2016 12:56:00 PM,42534.53889,23.7,23,Off,Off,Off,On ,32,TRUE
13/06/2016 12:41:00 PM,42534.52847,23.3,23,On ,Off,Off,On ,32,TRUE
13/06/2016 12:26:00 PM,42534.51806,23.5,23,On ,Off,Off,On ,32,TRUE
13/06/2016 12:11:00 PM,42534.50764,23.8,23,Off,Off,Off,On ,32,TRUE
13/06/2016 11:56:00 AM,42534.49722,23.6,23,Off,Off,Off,On ,32,TRUE
13/06/2016 11:41:00 AM,42534.48681,23.4,23,Off,Off,Off,On ,32,TRUE
13/06/2016 11:26:00 AM,42534.47639,23.2,23,Off,Off,Off,On ,32,TRUE
13/06/2016 11:11:00 AM,42534.46597,23,23,Off,Off,Off,On ,32,TRUE
13/06/2016 10:56:00 AM,42534.45556,22.8,23,Off,Off,Off,On ,0,FALSE
13/06/2016 10:41:00 AM,42534.44514,22.8,23,Off,Off,Off,On ,0,FALSE
13/06/2016 10:26:00 AM,42534.43472,22.7,23,Off,Off,Off,On ,32,TRUE
13/06/2016 10:11:00 AM,42534.42431,22.5,23,Off,Off,Off,On ,32,TRUE
13/06/2016 9:56:00 AM,42534.41389,22.4,23,Off,Off,Off,On ,32,TRUE
13/06/2016 9:41:00 AM,42534.40347,22.4,23,On ,Off,Off,On ,32,TRUE
13/06/2016 9:26:00 AM,42534.39306,23,23,On ,On ,On ,On ,32,TRUE
13/06/2016 9:11:00 AM,42534.38264,22.5,23,On ,On ,On ,On ,32,TRUE
13/06/2016 8:56:00 AM,42534.37222,20.6,23,On ,Off,On ,On ,32,TRUE
13/06/2016 8:41:00 AM,42534.36181,20.3,23,Off,Off,Off,Off,32,TRUE
13/06/2016 8:26:00 AM,42534.35139,20.1,23,Off,Off,Off,Off,0,FALSE
13/06/2016 8:11:00 AM,42534.34097,20.2,23,Off,Off,Off,Off,0,FALSE
13/06/2016 7:56:00 AM,42534.33056,20.2,23,Off,Off,Off,Off,0,FALSE
13/06/2016 7:41:00 AM,42534.32014,20.2,23,Off,Off,Off,Off,0,FALSE
13/06/2016 7:26:00 AM,42534.30972,20.2,23,Off,Off,Off,Off,0,FALSE
13/06/2016 7:11:00 AM,42534.29931,20.2,23,Off,Off,Off,Off,0,FALSE
13/06/2016 6:56:00 AM,42534.28889,20.2,23,Off,Off,Off,Off,0,FALSE
13/06/2016 6:41:00 AM,42534.27847,20.3,23,Off,Off,Off,Off,0,FALSE
13/06/2016 6:26:00 AM,42534.26806,20.2,23,Off,Off,Off,Off,0,FALSE
13/06/2016 6:11:00 AM,42534.25764,20.2,23,Off,Off,Off,Off,0,FALSE
13/06/2016 5:56:00 AM,42534.24722,20.2,23,Off,Off,Off,Off,0,FALSE
13/06/2016 5:41:00 AM,42534.23681,20.2,23,Off,Off,Off,Off,0,FALSE
13/06/2016 5:26:00 AM,42534.22639,20.2,23,Off,Off,Off,Off,0,FALSE
13/06/2016 5:11:00 AM,42534.21597,20.2,23,Off,Off,Off,Off,0,FALSE
13/06/2016 4:56:00 AM,42534.20556,20.2,23,Off,Off,Off,Off,0,FALSE
13/06/2016 4:41:00 AM,42534.19514,20.2,23,Off,Off,Off,Off,0,FALSE
13/06/2016 4:26:00 AM,42534.18472,20.2,23,Off,Off,Off,Off,0,FALSE
13/06/2016 4:11:00 AM,42534.17431,20.2,23,Off,Off,Off,Off,0,FALSE
13/06/2016 3:56:00 AM,42534.16389,20.2,23,Off,Off,Off,Off,0,FALSE
13/06/2016 3:41:00 AM,42534.15347,20.2,23,Off,Off,Off,Off,0,FALSE
13/06/2016 3:26:00 AM,42534.14306,20.2,23,Off,Off,Off,Off,0,FALSE
13/06/2016 3:11:00 AM,42534.13264,20.3,23,Off,Off,Off,Off,0,FALSE
13/06/2016 2:56:00 AM,42534.12222,20.3,23,Off,Off,Off,Off,0,FALSE
13/06/2016 2:41:00 AM,42534.11181,20.3,23,Off,Off,Off,Off,0,FALSE
13/06/2016 2:26:00 AM,42534.10139,20.3,23,Off,Off,Off,Off,0,FALSE
13/06/2016 2:11:00 AM,42534.09097,20.4,23,Off,Off,Off,Off,0,FALSE
13/06/2016 1:56:00 AM,42534.08056,20.4,23,Off,Off,Off,Off,0,FALSE
13/06/2016 1:41:00 AM,42534.07014,20.4,23,Off,Off,Off,Off,0,FALSE
13/06/2016 1:26:00 AM,42534.05972,20.4,23,Off,Off,Off,Off,0,FALSE
13/06/2016 1:11:00 AM,42534.04931,20.5,23,Off,Off,Off,Off,0,FALSE
13/06/2016 12:56:00 AM,42534.03889,20.5,23,Off,Off,Off,Off,0,FALSE
13/06/2016 12:41:00 AM,42534.02847,20.6,23,Off,Off,Off,Off,0,FALSE
13/06/2016 12:26:00 AM,42534.01806,20.6,23,Off,Off,Off,Off,0,FALSE
13/06/2016 12:11:00 AM,42534.00764,20.7,23,Off,Off,Off,Off,0,FALSE
12/06/2016 11:56:00 PM,42533.99722,20.7,23,Off,Off,Off,Off,0,FALSE
12/06/2016 11:41:00 PM,42533.98681,20.7,23,Off,Off,Off,Off,0,FALSE
12/06/2016 11:26:00 PM,42533.97639,20.8,23,Off,Off,Off,Off,0,FALSE
12/06/2016 11:11:00 PM,42533.96597,20.8,23,Off,Off,Off,Off,0,FALSE
12/06/2016 10:56:00 PM,42533.95556,20.9,23,Off,Off,Off,Off,0,FALSE
12/06/2016 10:41:00 PM,42533.94514,21,23,Off,Off,Off,Off,0,FALSE
12/06/2016 10:26:00 PM,42533.93472,21.1,23,Off,Off,Off,Off,0,FALSE
12/06/2016 10:11:00 PM,42533.92431,21.1,23,Off,Off,Off,Off,0,FALSE
12/06/2016 9:56:00 PM,42533.91389,21.2,23,Off,Off,Off,Off,0,FALSE
12/06/2016 9:41:00 PM,42533.90347,21.2,23,Off,Off,Off,Off,0,FALSE
12/06/2016 9:26:00 PM,42533.89306,21.3,23,Off,Off,Off,Off,0,FALSE
12/06/2016 9:11:00 PM,42533.88264,21.3,23,Off,Off,Off,Off,0,FALSE
12/06/2016 8:56:00 PM,42533.87222,21.3,23,Off,Off,Off,Off,0,FALSE
12/06/2016 8:41:00 PM,42533.86181,21.4,23,Off,Off,Off,Off,0,FALSE
12/06/2016 8:26:00 PM,42533.85139,21.4,23,Off,Off,Off,Off,0,FALSE
12/06/2016 8:11:00 PM,42533.84097,21.4,23,Off,Off,Off,Off,0,FALSE
12/06/2016 7:56:00 PM,42533.83056,21.4,23,Off,Off,Off,Off,0,FALSE
12/06/2016 7:41:00 PM,42533.82014,21.5,23,Off,Off,Off,Off,0,FALSE
12/06/2016 7:26:00 PM,42533.80972,21.5,23,Off,Off,Off,Off,0,FALSE
12/06/2016 7:11:00 PM,42533.79931,21.6,23,Off,Off,Off,Off,0,FALSE
12/06/2016 6:56:00 PM,42533.78889,21.6,23,Off,Off,Off,Off,0,FALSE
12/06/2016 6:41:00 PM,42533.77847,21.7,23,Off,Off,Off,Off,0,FALSE
12/06/2016 6:26:00 PM,42533.76806,21.7,23,Off,Off,Off,Off,0,FALSE
12/06/2016 6:11:00 PM,42533.75764,21.8,23,Off,Off,Off,Off,0,FALSE
12/06/2016 5:56:00 PM,42533.74722,21.8,23,Off,Off,Off,Off,0,FALSE
12/06/2016 5:41:00 PM,42533.73681,21.9,23,Off,Off,Off,Off,0,FALSE
12/06/2016 5:26:00 PM,42533.72639,21.9,23,Off,Off,Off,Off,0,FALSE
12/06/2016 5:11:00 PM,42533.71597,21.9,23,Off,Off,Off,Off,0,FALSE
12/06/2016 4:56:00 PM,42533.70556,22,23,Off,Off,Off,Off,0,FALSE
12/06/2016 4:41:00 PM,42533.69514,22,23,Off,Off,Off,Off,0,FALSE
12/06/2016 4:26:00 PM,42533.68472,22,23,Off,Off,Off,Off,0,FALSE
12/06/2016 4:11:00 PM,42533.67431,22,23,Off,Off,Off,Off,0,FALSE
12/06/2016 3:56:00 PM,42533.66389,22,23,Off,Off,Off,Off,0,FALSE
12/06/2016 3:41:00 PM,42533.65347,22,23,Off,Off,Off,Off,0,FALSE
12/06/2016 3:26:00 PM,42533.64306,22,23,Off,Off,Off,Off,0,FALSE
12/06/2016 3:11:00 PM,42533.63264,22.1,23,Off,Off,Off,Off,0,FALSE
12/06/2016 2:56:00 PM,42533.62222,22.1,23,Off,Off,Off,Off,0,FALSE
12/06/2016 2:41:00 PM,42533.61181,22.1,23,Off,Off,Off,Off,0,FALSE
12/06/2016 2:26:00 PM,42533.60139,22.1,23,Off,Off,Off,Off,0,FALSE
12/06/2016 2:11:00 PM,42533.59097,22,23,Off,Off,Off,Off,0,FALSE
12/06/2016 1:56:00 PM,42533.58056,22,23,Off,Off,Off,Off,0,FALSE
12/06/2016 1:41:00 PM,42533.57014,22,23,Off,Off,Off,Off,0,FALSE
12/06/2016 1:26:00 PM,42533.55972,21.9,23,Off,Off,Off,Off,0,FALSE
12/06/2016 1:11:00 PM,42533.54931,21.9,23,Off,Off,Off,Off,0,FALSE
12/06/2016 12:56:00 PM,42533.53889,21.9,23,Off,Off,Off,Off,0,FALSE
12/06/2016 12:41:00 PM,42533.52847,21.9,23,Off,Off,Off,Off,0,FALSE
12/06/2016 12:26:00 PM,42533.51806,21.8,23,Off,Off,Off,Off,0,FALSE
12/06/2016 12:11:00 PM,42533.50764,21.8,23,Off,Off,Off,Off,0,FALSE
12/06/2016 11:56:00 AM,42533.49722,21.8,23,Off,Off,Off,Off,0,FALSE
12/06/2016 11:41:00 AM,42533.48681,21.7,23,Off,Off,Off,Off,0,FALSE
12/06/2016 11:26:00 AM,42533.47639,21.6,23,Off,Off,Off,Off,0,FALSE
12/06/2016 11:11:00 AM,42533.46597,21.6,23,Off,Off,Off,Off,0,FALSE
12/06/2016 10:56:00 AM,42533.45556,21.6,23,Off,Off,Off,Off,0,FALSE
12/06/2016 10:41:00 AM,42533.44514,21.5,23,Off,Off,Off,Off,0,FALSE
12/06/2016 10:26:00 AM,42533.43472,21.5,23,Off,Off,Off,Off,0,FALSE
12/06/2016 10:11:00 AM,42533.42431,21.5,23,Off,Off,Off,Off,0,FALSE
12/06/2016 9:56:00 AM,42533.41389,21.5,23,Off,Off,Off,Off,0,FALSE
12/06/2016 9:41:00 AM,42533.40347,21.4,23,Off,Off,Off,Off,0,FALSE
12/06/2016 9:26:00 AM,42533.39306,21.4,23,Off,Off,Off,Off,0,FALSE
12/06/2016 9:11:00 AM,42533.38264,21.4,23,Off,Off,Off,Off,0,FALSE
12/06/2016 8:56:00 AM,42533.37222,21.4,23,Off,Off,Off,Off,0,FALSE
12/06/2016 8:41:00 AM,42533.36181,21.4,23,Off,Off,Off,Off,0,FALSE
12/06/2016 8:26:00 AM,42533.35139,21.4,23,Off,Off,Off,Off,0,FALSE
12/06/2016 8:11:00 AM,42533.34097,21.4,23,Off,Off,Off,Off,0,FALSE
12/06/2016 7:56:00 AM,42533.33056,21.4,23,Off,Off,Off,Off,0,FALSE
12/06/2016 7:41:00 AM,42533.32014,21.4,23,Off,Off,Off,Off,0,FALSE
12/06/2016 7:26:00 AM,42533.30972,21.4,23,Off,Off,Off,Off,0,FALSE
12/06/2016 7:11:00 AM,42533.29931,21.4,23,Off,Off,Off,Off,0,FALSE
12/06/2016 6:56:00 AM,42533.28889,21.4,23,Off,Off,Off,Off,0,FALSE
12/06/2016 6:41:00 AM,42533.27847,21.4,23,Off,Off,Off,Off,0,FALSE
12/06/2016 6:26:00 AM,42533.26806,21.4,23,Off,Off,Off,Off,0,FALSE
12/06/2016 6:11:00 AM,42533.25764,21.4,23,Off,Off,Off,Off,0,FALSE
12/06/2016 5:56:00 AM,42533.24722,21.4,23,Off,Off,Off,Off,0,FALSE
12/06/2016 5:41:00 AM,42533.23681,21.5,23,Off,Off,Off,Off,0,FALSE
12/06/2016 5:26:00 AM,42533.22639,21.5,23,Off,Off,Off,Off,0,FALSE
12/06/2016 5:11:00 AM,42533.21597,21.5,23,Off,Off,Off,Off,0,FALSE
12/06/2016 4:56:00 AM,42533.20556,21.5,23,Off,Off,Off,Off,0,FALSE
12/06/2016 4:41:00 AM,42533.19514,21.6,23,Off,Off,Off,Off,0,FALSE
12/06/2016 4:26:00 AM,42533.18472,21.6,23,Off,Off,Off,Off,0,FALSE
12/06/2016 4:11:00 AM,42533.17431,21.6,23,Off,Off,Off,Off,0,FALSE
12/06/2016 3:56:00 AM,42533.16389,21.7,23,Off,Off,Off,Off,0,FALSE
12/06/2016 3:41:00 AM,42533.15347,21.7,23,Off,Off,Off,Off,0,FALSE
12/06/2016 3:26:00 AM,42533.14306,21.7,23,Off,Off,Off,Off,0,FALSE
12/06/2016 3:11:00 AM,42533.13264,21.7,23,Off,Off,Off,Off,0,FALSE
12/06/2016 2:56:00 AM,42533.12222,21.7,23,Off,Off,Off,Off,0,FALSE
12/06/2016 2:41:00 AM,42533.11181,21.7,23,Off,Off,Off,Off,0,FALSE
12/06/2016 2:26:00 AM,42533.10139,21.8,23,Off,Off,Off,Off,0,FALSE
12/06/2016 2:11:00 AM,42533.09097,21.8,23,Off,Off,Off,Off,0,FALSE
12/06/2016 1:56:00 AM,42533.08056,21.8,23,Off,Off,Off,Off,0,FALSE
12/06/2016 1:41:00 AM,42533.07014,21.9,23,Off,Off,Off,Off,0,FALSE
12/06/2016 1:26:00 AM,42533.05972,21.9,23,Off,Off,Off,Off,0,FALSE
12/06/2016 1:11:00 AM,42533.04931,21.9,23,Off,Off,Off,Off,0,FALSE
12/06/2016 12:56:00 AM,42533.03889,21.9,23,Off,Off,Off,Off,0,FALSE
12/06/2016 12:41:00 AM,42533.02847,21.9,23,Off,Off,Off,Off,0,FALSE
12/06/2016 12:26:00 AM,42533.01806,22,23,Off,Off,Off,Off,0,FALSE
12/06/2016 12:11:00 AM,42533.00764,22,23,Off,Off,Off,Off,0,FALSE
11/06/2016 11:56:00 PM,42532.99722,22,23,Off,Off,Off,Off,0,FALSE
11/06/2016 11:41:00 PM,42532.98681,22,23,Off,Off,Off,Off,0,FALSE
11/06/2016 11:26:00 PM,42532.97639,22.1,23,Off,Off,Off,Off,0,FALSE
11/06/2016 11:11:00 PM,42532.96597,22.1,23,Off,Off,Off,Off,0,FALSE
11/06/2016 10:56:00 PM,42532.95556,22.1,23,Off,Off,Off,Off,0,FALSE
11/06/2016 10:41:00 PM,42532.94514,22.1,23,Off,Off,Off,Off,0,FALSE
11/06/2016 10:26:00 PM,42532.93472,22.1,23,Off,Off,Off,Off,0,FALSE
11/06/2016 10:11:00 PM,42532.92431,22,23,Off,Off,Off,Off,0,FALSE
11/06/2016 9:56:00 PM,42532.91389,22.1,23,Off,Off,Off,Off,0,FALSE
11/06/2016 9:41:00 PM,42532.90347,22.1,23,Off,Off,Off,Off,0,FALSE
11/06/2016 9:26:00 PM,42532.89306,22.1,23,Off,Off,Off,Off,0,FALSE
11/06/2016 9:11:00 PM,42532.88264,22.1,23,Off,Off,Off,Off,0,FALSE
11/06/2016 8:56:00 PM,42532.87222,22.1,23,Off,Off,Off,Off,0,FALSE
11/06/2016 8:41:00 PM,42532.86181,22.1,23,Off,Off,Off,Off,0,FALSE
11/06/2016 8:26:00 PM,42532.85139,22.1,23,Off,Off,Off,Off,0,FALSE
11/06/2016 8:11:00 PM,42532.84097,22.2,23,Off,Off,Off,Off,0,FALSE
11/06/2016 7:56:00 PM,42532.83056,22.2,23,Off,Off,Off,Off,0,FALSE
11/06/2016 7:41:00 PM,42532.82014,22.2,23,Off,Off,Off,Off,0,FALSE
11/06/2016 7:26:00 PM,42532.80972,22.2,23,Off,Off,Off,Off,0,FALSE
11/06/2016 7:11:00 PM,42532.79931,22.2,23,Off,Off,Off,Off,0,FALSE
11/06/2016 6:56:00 PM,42532.78889,22.3,23,Off,Off,Off,Off,0,FALSE
11/06/2016 6:41:00 PM,42532.77847,22.3,23,Off,Off,Off,Off,0,FALSE
11/06/2016 6:26:00 PM,42532.76806,22.4,23,Off,Off,Off,Off,0,FALSE
11/06/2016 6:11:00 PM,42532.75764,22.4,23,Off,Off,Off,Off,0,FALSE
11/06/2016 5:56:00 PM,42532.74722,22.4,23,Off,Off,Off,Off,0,FALSE
11/06/2016 5:41:00 PM,42532.73681,22.5,23,Off,Off,Off,Off,0,FALSE
11/06/2016 5:26:00 PM,42532.72639,22.6,23,Off,Off,Off,Off,0,FALSE
11/06/2016 5:11:00 PM,42532.71597,22.6,23,Off,Off,Off,Off,0,FALSE
11/06/2016 4:56:00 PM,42532.70556,22.7,23,Off,Off,Off,Off,0,FALSE
11/06/2016 4:41:00 PM,42532.69514,22.7,23,Off,Off,Off,Off,0,FALSE
11/06/2016 4:26:00 PM,42532.68472,22.8,23,Off,Off,Off,Off,0,FALSE
11/06/2016 4:11:00 PM,42532.67431,22.9,23,Off,Off,Off,Off,0,FALSE
11/06/2016 3:56:00 PM,42532.66389,22.9,23,Off,Off,Off,Off,0,FALSE
11/06/2016 3:41:00 PM,42532.65347,23,23,Off,Off,Off,Off,0,FALSE
11/06/2016 3:26:00 PM,42532.64306,23.2,23,Off,Off,Off,Off,0,FALSE
11/06/2016 3:11:00 PM,42532.63264,23.4,23,Off,Off,Off,Off,0,FALSE
11/06/2016 2:56:00 PM,42532.62222,23.5,23,Off,Off,Off,Off,0,FALSE
11/06/2016 2:41:00 PM,42532.61181,23.6,23,Off,Off,Off,Off,0,FALSE
11/06/2016 2:26:00 PM,42532.60139,23.7,23,Off,Off,Off,Off,0,FALSE
11/06/2016 2:11:00 PM,42532.59097,23.3,23,Off,Off,Off,Off,0,FALSE
11/06/2016 1:56:00 PM,42532.58056,22.9,23,Off,Off,Off,Off,0,FALSE
11/06/2016 1:41:00 PM,42532.57014,22.9,23,Off,Off,Off,Off,0,FALSE
11/06/2016 1:26:00 PM,42532.55972,22.7,23,Off,Off,Off,Off,0,FALSE
11/06/2016 1:11:00 PM,42532.54931,22.3,23,Off,Off,Off,Off,0,FALSE
11/06/2016 12:56:00 PM,42532.53889,22.2,23,Off,Off,Off,Off,0,FALSE
11/06/2016 12:41:00 PM,42532.52847,22.2,23,Off,Off,Off,Off,0,FALSE
11/06/2016 12:26:00 PM,42532.51806,22.2,23,Off,Off,Off,Off,0,FALSE
11/06/2016 12:11:00 PM,42532.50764,22.2,23,Off,Off,Off,Off,0,FALSE
11/06/2016 11:56:00 AM,42532.49722,22.2,23,Off,Off,Off,Off,0,FALSE
11/06/2016 11:41:00 AM,42532.48681,22.1,23,Off,Off,Off,Off,0,FALSE
11/06/2016 11:26:00 AM,42532.47639,22.1,23,Off,Off,Off,Off,0,FALSE
11/06/2016 11:11:00 AM,42532.46597,22.1,23,Off,Off,Off,Off,0,FALSE
11/06/2016 10:56:00 AM,42532.45556,22,23,Off,Off,Off,Off,0,FALSE
11/06/2016 10:41:00 AM,42532.44514,22,23,Off,Off,Off,Off,0,FALSE
11/06/2016 10:26:00 AM,42532.43472,21.9,23,Off,Off,Off,Off,0,FALSE
11/06/2016 10:11:00 AM,42532.42431,21.9,23,Off,Off,Off,Off,0,FALSE
11/06/2016 9:56:00 AM,42532.41389,21.9,23,Off,Off,Off,Off,0,FALSE
11/06/2016 9:41:00 AM,42532.40347,21.9,23,Off,Off,Off,Off,0,FALSE
11/06/2016 9:26:00 AM,42532.39306,21.9,23,Off,Off,Off,Off,0,FALSE
11/06/2016 9:11:00 AM,42532.38264,21.9,23,Off,Off,Off,Off,0,FALSE
11/06/2016 8:56:00 AM,42532.37222,21.9,23,Off,Off,Off,Off,0,FALSE
11/06/2016 8:41:00 AM,42532.36181,21.9,23,Off,Off,Off,Off,0,FALSE
11/06/2016 8:26:00 AM,42532.35139,21.9,23,Off,Off,Off,Off,0,FALSE
11/06/2016 8:11:00 AM,42532.34097,21.9,23,Off,Off,Off,Off,0,FALSE
11/06/2016 7:56:00 AM,42532.33056,21.9,23,Off,Off,Off,Off,0,FALSE
11/06/2016 7:41:00 AM,42532.32014,21.9,23,Off,Off,Off,Off,0,FALSE
11/06/2016 7:26:00 AM,42532.30972,22,23,Off,Off,Off,Off,0,FALSE
11/06/2016 7:11:00 AM,42532.29931,22,23,Off,Off,Off,Off,0,FALSE
11/06/2016 6:56:00 AM,42532.28889,22.1,23,Off,Off,Off,Off,0,FALSE
11/06/2016 6:41:00 AM,42532.27847,22.1,23,Off,Off,Off,Off,0,FALSE
11/06/2016 6:26:00 AM,42532.26806,22.1,23,Off,Off,Off,Off,0,FALSE
11/06/2016 6:11:00 AM,42532.25764,22.1,23,Off,Off,Off,Off,0,FALSE
11/06/2016 5:56:00 AM,42532.24722,22.2,23,Off,Off,Off,Off,0,FALSE
11/06/2016 5:41:00 AM,42532.23681,22.2,23,Off,Off,Off,Off,0,FALSE
11/06/2016 5:26:00 AM,42532.22639,22.3,23,Off,Off,Off,Off,0,FALSE
11/06/2016 5:11:00 AM,42532.21597,22.3,23,Off,Off,Off,Off,0,FALSE
11/06/2016 4:56:00 AM,42532.20556,22.3,23,Off,Off,Off,Off,0,FALSE
11/06/2016 4:41:00 AM,42532.19514,22.3,23,Off,Off,Off,Off,0,FALSE
11/06/2016 4:26:00 AM,42532.18472,22.3,23,Off,Off,Off,Off,0,FALSE
11/06/2016 4:11:00 AM,42532.17431,22.4,23,Off,Off,Off,Off,0,FALSE
11/06/2016 3:56:00 AM,42532.16389,22.4,23,Off,Off,Off,Off,0,FALSE
11/06/2016 3:41:00 AM,42532.15347,22.4,23,Off,Off,Off,Off,0,FALSE
11/06/2016 3:26:00 AM,42532.14306,22.5,23,Off,Off,Off,Off,0,FALSE
11/06/2016 3:11:00 AM,42532.13264,22.5,23,Off,Off,Off,Off,0,FALSE
11/06/2016 2:56:00 AM,42532.12222,22.5,23,Off,Off,Off,Off,0,FALSE
11/06/2016 2:41:00 AM,42532.11181,22.5,23,Off,Off,Off,Off,0,FALSE
11/06/2016 2:26:00 AM,42532.10139,22.5,23,Off,Off,Off,Off,0,FALSE
11/06/2016 2:11:00 AM,42532.09097,22.5,23,Off,Off,Off,Off,0,FALSE
11/06/2016 1:56:00 AM,42532.08056,22.5,23,Off,Off,Off,Off,0,FALSE
11/06/2016 1:41:00 AM,42532.07014,22.5,23,Off,Off,Off,Off,0,FALSE
11/06/2016 1:26:00 AM,42532.05972,22.5,23,Off,Off,Off,Off,0,FALSE
11/06/2016 1:11:00 AM,42532.04931,22.6,23,Off,Off,Off,Off,0,FALSE
11/06/2016 12:56:00 AM,42532.03889,22.6,23,Off,Off,Off,Off,0,FALSE
11/06/2016 12:41:00 AM,42532.02847,22.6,23,Off,Off,Off,Off,0,FALSE
11/06/2016 12:26:00 AM,42532.01806,22.6,23,Off,Off,Off,Off,0,FALSE
11/06/2016 12:11:00 AM,42532.00764,22.6,23,Off,Off,Off,Off,0,FALSE
10/06/2016 11:56:00 PM,42531.99722,22.7,23,Off,Off,Off,Off,0,FALSE
10/06/2016 11:41:00 PM,42531.98681,22.7,23,Off,Off,Off,Off,0,FALSE
10/06/2016 11:26:00 PM,42531.97639,22.7,23,Off,Off,Off,Off,0,FALSE
10/06/2016 11:11:00 PM,42531.96597,22.8,23,Off,Off,Off,Off,0,FALSE
10/06/2016 10:56:00 PM,42531.95556,22.8,23,Off,Off,Off,Off,0,FALSE
10/06/2016 10:41:00 PM,42531.94514,22.8,23,Off,Off,Off,Off,0,FALSE
10/06/2016 10:26:00 PM,42531.93472,22.9,23,Off,Off,Off,Off,0,FALSE
10/06/2016 10:11:00 PM,42531.92431,22.9,23,Off,Off,Off,Off,0,FALSE
10/06/2016 9:56:00 PM,42531.91389,22.8,23,Off,Off,Off,Off,0,FALSE
10/06/2016 9:41:00 PM,42531.90347,22.7,23,Off,Off,Off,Off,0,FALSE
10/06/2016 9:26:00 PM,42531.89306,22.7,23,Off,Off,Off,Off,0,FALSE
10/06/2016 9:11:00 PM,42531.88264,22.7,23,Off,Off,Off,Off,0,FALSE
10/06/2016 8:56:00 PM,42531.87222,22.7,23,Off,Off,Off,Off,0,FALSE
10/06/2016 8:41:00 PM,42531.86181,22.8,23,Off,Off,Off,Off,0,FALSE
10/06/2016 8:26:00 PM,42531.85139,22.8,23,Off,Off,Off,Off,0,FALSE
10/06/2016 8:11:00 PM,42531.84097,22.8,23,Off,Off,Off,Off,0,FALSE
10/06/2016 7:56:00 PM,42531.83056,22.9,23,Off,Off,Off,Off,0,FALSE
10/06/2016 7:41:00 PM,42531.82014,22.9,23,Off,Off,Off,Off,0,FALSE
10/06/2016 7:26:00 PM,42531.80972,22.9,23,Off,Off,Off,Off,0,FALSE
10/06/2016 7:11:00 PM,42531.79931,22.9,23,Off,Off,Off,Off,0,FALSE
10/06/2016 6:56:00 PM,42531.78889,23,23,Off,Off,Off,Off,0,FALSE
10/06/2016 6:41:00 PM,42531.77847,23,23,Off,Off,Off,Off,0,FALSE
10/06/2016 6:26:00 PM,42531.76806,23,23,Off,Off,Off,Off,0,FALSE
10/06/2016 6:11:00 PM,42531.75764,23.1,23,Off,Off,Off,Off,0,FALSE
10/06/2016 5:56:00 PM,42531.74722,23.1,23,Off,Off,Off,Off,0,FALSE
10/06/2016 5:41:00 PM,42531.73681,23.2,23,Off,Off,Off,Off,0,FALSE
10/06/2016 5:26:00 PM,42531.72639,23.2,23,Off,Off,Off,Off,0,FALSE
10/06/2016 5:11:00 PM,42531.71597,23.2,23,Off,Off,Off,Off,0,FALSE
10/06/2016 4:56:00 PM,42531.70556,23.3,23,Off,Off,Off,Off,0,FALSE
10/06/2016 4:41:00 PM,42531.69514,23.4,23,Off,Off,Off,Off,0,FALSE
10/06/2016 4:26:00 PM,42531.68472,23.5,23,Off,Off,Off,On ,0,FALSE
10/06/2016 4:11:00 PM,42531.67431,23.6,23,Off,Off,Off,On ,0,FALSE
10/06/2016 3:56:00 PM,42531.66389,23.7,23,Off,Off,Off,On ,0,FALSE
10/06/2016 3:41:00 PM,42531.65347,23.8,23,Off,Off,Off,On ,0,FALSE
10/06/2016 3:26:00 PM,42531.64306,23.8,23,Off,Off,Off,On ,0,FALSE
10/06/2016 3:11:00 PM,42531.63264,23.9,23,Off,Off,Off,On ,0,FALSE
10/06/2016 2:56:00 PM,42531.62222,23.9,23,Off,Off,Off,On ,0,FALSE
10/06/2016 2:41:00 PM,42531.61181,23.8,23,Off,Off,Off,On ,0,FALSE
10/06/2016 2:26:00 PM,42531.60139,23.5,23,Off,Off,Off,On ,0,FALSE
10/06/2016 2:11:00 PM,42531.59097,23.1,23,On ,Off,Off,On ,0,FALSE
10/06/2016 1:56:00 PM,42531.58056,23.4,23,On ,Off,Off,On ,0,FALSE
10/06/2016 1:41:00 PM,42531.57014,23.9,23,Off,Off,Off,On ,0,FALSE
10/06/2016 1:26:00 PM,42531.55972,23.4,23,Off,Off,Off,On ,0,FALSE
10/06/2016 1:11:00 PM,42531.54931,23.1,23,On ,Off,Off,On ,0,FALSE
10/06/2016 12:56:00 PM,42531.53889,23.5,23,On ,Off,Off,On ,0,FALSE
10/06/2016 12:41:00 PM,42531.52847,23.2,23,On ,Off,Off,On ,0,FALSE
10/06/2016 12:26:00 PM,42531.51806,23.6,23,On ,Off,Off,On ,0,FALSE
10/06/2016 12:11:00 PM,42531.50764,23.1,23,On ,Off,Off,On ,0,FALSE
10/06/2016 11:56:00 AM,42531.49722,23.5,23,On ,Off,Off,On ,0,FALSE
10/06/2016 11:41:00 AM,42531.48681,23.2,23,On ,Off,Off,On ,0,FALSE
10/06/2016 11:26:00 AM,42531.47639,23.4,23,On ,Off,Off,On ,0,FALSE
10/06/2016 11:11:00 AM,42531.46597,23.6,23,Off,Off,Off,On ,0,FALSE
10/06/2016 10:56:00 AM,42531.45556,23.1,23,On ,Off,Off,On ,0,FALSE
10/06/2016 10:41:00 AM,42531.44514,23.3,23,On ,Off,Off,On ,0,FALSE
10/06/2016 10:26:00 AM,42531.43472,23.4,23,On ,Off,Off,On ,28,TRUE
10/06/2016 10:11:00 AM,42531.42431,23.4,23,On ,Off,Off,On ,28,TRUE
10/06/2016 9:56:00 AM,42531.41389,23.4,23,On ,Off,Off,On ,28,TRUE
10/06/2016 9:41:00 AM,42531.40347,23.3,23,On ,Off,Off,On ,28,TRUE
10/06/2016 9:26:00 AM,42531.39306,23.4,23,On ,Off,Off,On ,28,TRUE
10/06/2016 9:11:00 AM,42531.38264,23.3,23,On ,Off,Off,On ,28,TRUE
10/06/2016 8:56:00 AM,42531.37222,23.7,23,On ,Off,Off,On ,28,TRUE
10/06/2016 8:41:00 AM,42531.36181,23.2,23,Off,Off,Off,On ,28,TRUE
10/06/2016 8:26:00 AM,42531.35139,22.8,23,Off,Off,Off,On ,0,FALSE
10/06/2016 8:11:00 AM,42531.34097,22.6,23,Off,Off,Off,On ,0,FALSE
10/06/2016 7:56:00 AM,42531.33056,22.5,23,Off,Off,Off,On ,0,FALSE
10/06/2016 7:41:00 AM,42531.32014,22.5,23,Off,Off,Off,Off,0,FALSE
10/06/2016 7:26:00 AM,42531.30972,22.5,23,Off,Off,Off,Off,0,FALSE
10/06/2016 7:11:00 AM,42531.29931,22.5,23,Off,Off,Off,Off,0,FALSE
10/06/2016 6:56:00 AM,42531.28889,22.5,23,Off,Off,Off,Off,0,FALSE
10/06/2016 6:41:00 AM,42531.27847,22.5,23,Off,Off,Off,Off,0,FALSE
10/06/2016 6:26:00 AM,42531.26806,22.6,23,Off,Off,Off,Off,0,FALSE
10/06/2016 6:11:00 AM,42531.25764,22.6,23,Off,Off,Off,Off,0,FALSE
10/06/2016 5:56:00 AM,42531.24722,22.6,23,Off,Off,Off,Off,0,FALSE
10/06/2016 5:41:00 AM,42531.23681,22.6,23,Off,Off,Off,Off,0,FALSE
10/06/2016 5:26:00 AM,42531.22639,22.6,23,Off,Off,Off,Off,0,FALSE
10/06/2016 5:11:00 AM,42531.21597,22.6,23,Off,Off,Off,Off,0,FALSE
10/06/2016 4:56:00 AM,42531.20556,22.6,23,Off,Off,Off,Off,0,FALSE
10/06/2016 4:41:00 AM,42531.19514,22.6,23,Off,Off,Off,Off,0,FALSE
10/06/2016 4:26:00 AM,42531.18472,22.6,23,Off,Off,Off,Off,0,FALSE
10/06/2016 4:11:00 AM,42531.17431,22.6,23,Off,Off,Off,Off,0,FALSE
10/06/2016 3:56:00 AM,42531.16389,22.7,23,Off,Off,Off,Off,0,FALSE
10/06/2016 3:41:00 AM,42531.15347,22.7,23,Off,Off,Off,Off,0,FALSE
10/06/2016 3:26:00 AM,42531.14306,22.7,23,Off,Off,Off,Off,0,FALSE
10/06/2016 3:11:00 AM,42531.13264,22.7,23,Off,Off,Off,Off,0,FALSE
10/06/2016 2:56:00 AM,42531.12222,22.7,23,Off,Off,Off,Off,0,FALSE
10/06/2016 2:41:00 AM,42531.11181,22.7,23,Off,Off,Off,Off,0,FALSE
10/06/2016 2:26:00 AM,42531.10139,22.8,23,Off,Off,Off,Off,0,FALSE
10/06/2016 2:11:00 AM,42531.09097,22.8,23,Off,Off,Off,Off,0,FALSE
10/06/2016 1:56:00 AM,42531.08056,22.8,23,Off,Off,Off,Off,0,FALSE
10/06/2016 1:41:00 AM,42531.07014,22.8,23,Off,Off,Off,Off,0,FALSE
10/06/2016 1:26:00 AM,42531.05972,22.9,23,Off,Off,Off,Off,0,FALSE
10/06/2016 1:11:00 AM,42531.04931,22.9,23,Off,Off,Off,Off,0,FALSE
10/06/2016 12:56:00 AM,42531.03889,23,23,Off,Off,Off,Off,0,FALSE
10/06/2016 12:41:00 AM,42531.02847,23,23,Off,Off,Off,Off,0,FALSE
10/06/2016 12:26:00 AM,42531.01806,23.1,23,Off,Off,Off,Off,0,FALSE
10/06/2016 12:11:00 AM,42531.00764,23.2,23,Off,Off,Off,On ,0,FALSE
9/06/2016 11:56:00 PM,42530.99722,23.3,23,Off,Off,Off,On ,0,FALSE
9/06/2016 11:41:00 PM,42530.98681,23.3,23,Off,Off,Off,On ,0,FALSE
9/06/2016 11:26:00 PM,42530.97639,23.3,23,Off,Off,Off,On ,0,FALSE
9/06/2016 11:11:00 PM,42530.96597,23.4,23,Off,Off,Off,On ,0,FALSE
9/06/2016 10:56:00 PM,42530.95556,23.4,23,Off,Off,Off,On ,0,FALSE
9/06/2016 10:41:00 PM,42530.94514,23.4,23,Off,Off,Off,On ,0,FALSE
9/06/2016 10:26:00 PM,42530.93472,23.4,23,Off,Off,Off,On ,0,FALSE
9/06/2016 10:11:00 PM,42530.92431,23.4,23,Off,Off,Off,On ,0,FALSE
9/06/2016 9:56:00 PM,42530.91389,23.5,23,Off,Off,Off,On ,0,FALSE
9/06/2016 9:41:00 PM,42530.90347,23.5,23,Off,Off,Off,On ,0,FALSE
9/06/2016 9:26:00 PM,42530.89306,23.5,23,Off,Off,Off,On ,0,FALSE
9/06/2016 9:11:00 PM,42530.88264,23.5,23,Off,Off,Off,On ,0,FALSE
9/06/2016 8:56:00 PM,42530.87222,23.5,23,Off,Off,Off,On ,0,FALSE
9/06/2016 8:41:00 PM,42530.86181,23.6,23,Off,Off,Off,On ,0,FALSE
9/06/2016 8:26:00 PM,42530.85139,23.6,23,Off,Off,Off,On ,30,TRUE
9/06/2016 8:11:00 PM,42530.84097,23.6,23,Off,Off,Off,On ,30,TRUE
9/06/2016 7:56:00 PM,42530.83056,23.6,23,Off,Off,Off,On ,30,TRUE
9/06/2016 7:41:00 PM,42530.82014,23.7,23,Off,Off,Off,On ,30,TRUE
9/06/2016 7:26:00 PM,42530.80972,23.7,23,Off,Off,Off,On ,30,TRUE
9/06/2016 7:11:00 PM,42530.79931,23.8,23,Off,Off,Off,On ,30,TRUE
9/06/2016 6:56:00 PM,42530.78889,23.9,23,Off,Off,Off,On ,30,TRUE
9/06/2016 6:41:00 PM,42530.77847,23.9,23,Off,Off,Off,On ,30,TRUE
9/06/2016 6:26:00 PM,42530.76806,23.6,23,Off,Off,Off,On ,0,FALSE
9/06/2016 6:11:00 PM,42530.75764,23.2,23,On ,Off,Off,On ,0,FALSE
9/06/2016 5:56:00 PM,42530.74722,23.4,23,On ,Off,Off,On ,0,FALSE
9/06/2016 5:41:00 PM,42530.73681,23.8,23,Off,Off,Off,On ,0,FALSE
9/06/2016 5:26:00 PM,42530.72639,23.5,23,Off,Off,Off,On ,0,FALSE
9/06/2016 5:11:00 PM,42530.71597,23.2,23,On ,Off,Off,On ,0,FALSE
9/06/2016 4:56:00 PM,42530.70556,23.3,23,On ,Off,Off,On ,0,FALSE
9/06/2016 4:41:00 PM,42530.69514,23.9,23,Off,Off,Off,On ,0,FALSE
9/06/2016 4:26:00 PM,42530.68472,23.9,23,Off,Off,Off,On ,0,FALSE
9/06/2016 4:11:00 PM,42530.67431,23.8,23,Off,Off,Off,On ,0,FALSE
9/06/2016 3:56:00 PM,42530.66389,23.8,23,Off,Off,Off,On ,0,FALSE
9/06/2016 3:41:00 PM,42530.65347,23.8,23,Off,Off,Off,On ,0,FALSE
9/06/2016 3:26:00 PM,42530.64306,23.9,23,Off,Off,Off,On ,0,FALSE
9/06/2016 3:11:00 PM,42530.63264,23.6,23,Off,Off,Off,On ,0,FALSE
9/06/2016 2:56:00 PM,42530.62222,23.2,23,On ,Off,Off,On ,30,TRUE
9/06/2016 2:41:00 PM,42530.61181,23.6,23,On ,Off,Off,On ,30,TRUE
9/06/2016 2:26:00 PM,42530.60139,23.2,23,On ,Off,Off,On ,30,TRUE
9/06/2016 2:11:00 PM,42530.59097,23.8,23,On ,Off,Off,On ,30,TRUE
9/06/2016 1:56:00 PM,42530.58056,23.4,23,On ,Off,Off,On ,30,TRUE
9/06/2016 1:41:00 PM,42530.57014,23.1,23,On ,Off,Off,On ,30,TRUE
9/06/2016 1:26:00 PM,42530.55972,23.8,23,On ,Off,Off,On ,30,TRUE
9/06/2016 1:11:00 PM,42530.54931,23.7,23,Off,Off,Off,On ,30,TRUE
9/06/2016 12:56:00 PM,42530.53889,23.6,23,Off,Off,Off,On ,0,FALSE
9/06/2016 12:41:00 PM,42530.52847,23.6,23,Off,Off,Off,On ,0,FALSE
9/06/2016 12:26:00 PM,42530.51806,23.6,23,Off,Off,Off,On ,0,FALSE
9/06/2016 12:11:00 PM,42530.50764,23.6,23,Off,Off,Off,On ,0,FALSE
9/06/2016 11:56:00 AM,42530.49722,23.5,23,Off,Off,Off,On ,0,FALSE
9/06/2016 11:41:00 AM,42530.48681,23.4,23,Off,Off,Off,On ,0,FALSE
9/06/2016 11:26:00 AM,42530.47639,23.4,23,Off,Off,Off,On ,30,TRUE
9/06/2016 11:11:00 AM,42530.46597,23.4,23,Off,Off,Off,On ,30,TRUE
9/06/2016 10:56:00 AM,42530.45556,23.4,23,Off,Off,Off,On ,30,TRUE
9/06/2016 10:41:00 AM,42530.44514,23.4,23,Off,Off,Off,On ,30,TRUE
9/06/2016 10:26:00 AM,42530.43472,23.4,23,Off,Off,Off,On ,30,TRUE
9/06/2016 10:11:00 AM,42530.42431,23.4,23,Off,Off,Off,On ,30,TRUE
9/06/2016 9:56:00 AM,42530.41389,23.4,23,Off,Off,Off,On ,30,TRUE
9/06/2016 9:41:00 AM,42530.40347,23.4,23,Off,Off,Off,On ,30,TRUE
9/06/2016 9:26:00 AM,42530.39306,23.4,23,Off,Off,Off,On ,30,TRUE
9/06/2016 9:11:00 AM,42530.38264,23.4,23,Off,Off,Off,On ,30,TRUE
9/06/2016 8:56:00 AM,42530.37222,23.5,23,Off,Off,Off,On ,30,TRUE
9/06/2016 8:41:00 AM,42530.36181,23.6,23,Off,Off,Off,On ,30,TRUE
9/06/2016 8:26:00 AM,42530.35139,23.8,23,Off,Off,Off,On ,0,TRUE
9/06/2016 8:11:00 AM,42530.34097,23.8,23,Off,Off,Off,On ,0,TRUE